{
  "xai_run": {
    "n_samples": 215,
    "n_features": 16,
    "feature_names": [
      "action_enc",
      "protocol_enc",
      "direction_enc",
      "src_is_any",
      "dst_is_any",
      "src_port_is_any",
      "dst_port_is_any",
      "dst_port_numeric",
      "confidence",
      "priority_norm",
      "has_complete_cot",
      "reasoning_length",
      "syntax_valid",
      "semantic_score",
      "compliance_severity",
      "edge_case_count"
    ],
    "model": "GradientBoostingRegressor",
    "lime_samples": 1000,
    "surrogate_r2_cv_mean": 0.3075,
    "surrogate_r2_cv_std": 0.377
  },
  "shap": {
    "global_feature_importance": {
      "syntax_valid": 0.07201330233447908,
      "compliance_severity": 0.06881994489715539,
      "confidence": 0.05858458754834155,
      "semantic_score": 0.05358863957064468,
      "protocol_enc": 0.04917310375989345,
      "action_enc": 0.0444158192629059,
      "direction_enc": 0.04369429968686866,
      "reasoning_length": 0.0036250628853103026,
      "dst_port_numeric": 0.002722564370544752,
      "src_is_any": 0.0008492248332207453,
      "dst_is_any": 0.0007707894173047891,
      "dst_port_is_any": 0.00027496816169737397,
      "src_port_is_any": 0.0,
      "priority_norm": 0.0,
      "has_complete_cot": 0.0,
      "edge_case_count": 0.0
    },
    "expected_value": 0.1459187942374208,
    "per_record_examples": [
      {
        "record_id": "W1-001",
        "shap_values": {
          "action_enc": 0.10419610350810654,
          "protocol_enc": 0.11814464182737776,
          "direction_enc": 0.10253398151099706,
          "src_is_any": 0.0008672171026917772,
          "dst_is_any": 0.004058064361408314,
          "src_port_is_any": 0.0,
          "dst_port_is_any": 0.00036990540263984564,
          "dst_port_numeric": 0.018506732973412293,
          "confidence": 0.17458163176061464,
          "priority_norm": 0.0,
          "has_complete_cot": 0.0,
          "reasoning_length": -0.002623414875121775,
          "syntax_valid": 0.16870988843333826,
          "semantic_score": 0.12046195409295389,
          "compliance_severity": 0.046212585706832315,
          "edge_case_count": 0.0
        },
        "risk_score": 0.3345
      },
      {
        "record_id": "W1-002",
        "shap_values": {
          "action_enc": 0.07227757568882123,
          "protocol_enc": 0.05407020099435878,
          "direction_enc": 0.062038471618097724,
          "src_is_any": -0.0013721165403728524,
          "dst_is_any": -0.0016561550805924033,
          "src_port_is_any": 0.0,
          "dst_port_is_any": -1.9824377355632275e-05,
          "dst_port_numeric": 0.0019295826031038607,
          "confidence": 0.03490899689552167,
          "priority_norm": 0.0,
          "has_complete_cot": 0.0,
          "reasoning_length": 0.0005966385346257057,
          "syntax_valid": 0.13982468416827265,
          "semantic_score": 0.05612219355063781,
          "compliance_severity": 0.4358845612176542,
          "edge_case_count": 0.0
        },
        "risk_score": 0.45112499999999994
      },
      {
        "record_id": "W1-003",
        "shap_values": {
          "action_enc": 0.027193801243810458,
          "protocol_enc": 0.029051464126871294,
          "direction_enc": 0.025648818278826573,
          "src_is_any": 0.0012239222191553548,
          "dst_is_any": 0.0009653820757072467,
          "src_port_is_any": 0.0,
          "dst_port_is_any": -0.00012756248732585863,
          "dst_port_numeric": 0.006859745897726871,
          "confidence": -0.09453696407141854,
          "priority_norm": 0.0,
          "has_complete_cot": 0.0,
          "reasoning_length": -0.004142694592907592,
          "syntax_valid": 0.03899249287145807,
          "semantic_score": -0.08050530554685496,
          "compliance_severity": -0.09664969682308455,
          "edge_case_count": 0.0
        },
        "risk_score": 0.0022499999999999977
      },
      {
        "record_id": "W1-004",
        "shap_values": {
          "action_enc": 0.030504358142209538,
          "protocol_enc": 0.030145140830463622,
          "direction_enc": 0.02640297589720936,
          "src_is_any": -0.0039468545530570946,
          "dst_is_any": -9.317446350309169e-05,
          "src_port_is_any": 0.0,
          "dst_port_is_any": -0.0001901316679934288,
          "dst_port_numeric": 0.00048416167383035673,
          "confidence": -0.08913679470645537,
          "priority_norm": 0.0,
          "has_complete_cot": 0.0,
          "reasoning_length": -0.0017105089446548163,
          "syntax_valid": 0.038329197605725694,
          "semantic_score": -0.08254387861820445,
          "compliance_severity": -0.09599015472012835,
          "edge_case_count": 0.0
        },
        "risk_score": 0.0022499999999999977
      },
      {
        "record_id": "W1-005",
        "shap_values": {
          "action_enc": 0.02696582728328065,
          "protocol_enc": 0.03016873758834536,
          "direction_enc": 0.026531255049849878,
          "src_is_any": 0.0008185808781461123,
          "dst_is_any": 0.0008577209666401855,
          "src_port_is_any": 0.0,
          "dst_port_is_any": -0.00024385504431158095,
          "dst_port_numeric": 0.0022270455785618542,
          "confidence": -0.08796538371235357,
          "priority_norm": 0.0,
          "has_complete_cot": 0.0,
          "reasoning_length": -0.0033944089241268326,
          "syntax_valid": 0.03916631749562201,
          "semantic_score": -0.08017560651141109,
          "compliance_severity": -0.10017779609505323,
          "edge_case_count": 0.0
        },
        "risk_score": 0.0022499999999999977
      },
      {
        "record_id": "W1-006",
        "shap_values": {
          "action_enc": 0.027512370138012793,
          "protocol_enc": 0.03015924601512335,
          "direction_enc": 0.026325350782347785,
          "src_is_any": 0.0014977619998241154,
          "dst_is_any": 0.0011912766547162615,
          "src_port_is_any": 0.0,
          "dst_port_is_any": 2.0841412783601733e-05,
          "dst_port_numeric": 0.006772600837128791,
          "confidence": -0.095226583536952,
          "priority_norm": 0.0,
          "has_complete_cot": 0.0,
          "reasoning_length": -0.0026476879227418535,
          "syntax_valid": 0.03790937666395182,
          "semantic_score": -0.08012875425366074,
          "compliance_severity": -0.10020731826211175,
          "edge_case_count": 0.0
        },
        "risk_score": 0.0022499999999999977
      },
      {
        "record_id": "W1-007",
        "shap_values": {
          "action_enc": 0.11230161367753219,
          "protocol_enc": 0.11731682090477401,
          "direction_enc": 0.10204497275487481,
          "src_is_any": -0.002753024001733375,
          "dst_is_any": -0.0006031126136334016,
          "src_port_is_any": 0.0,
          "dst_port_is_any": 0.00016033724476632345,
          "dst_port_numeric": 0.00823828709723286,
          "confidence": 0.17739871100662405,
          "priority_norm": 0.0,
          "has_complete_cot": 0.0,
          "reasoning_length": -0.00036015372946278775,
          "syntax_valid": 0.1689213552627048,
          "semantic_score": 0.12609939683440327,
          "compliance_severity": 0.046252498753089094,
          "edge_case_count": 0.0
        },
        "risk_score": 0.2445
      },
      {
        "record_id": "W1-008",
        "shap_values": {
          "action_enc": 0.027008939303380095,
          "protocol_enc": 0.030064968102687266,
          "direction_enc": 0.026397996034202405,
          "src_is_any": 0.0009057615545508703,
          "dst_is_any": 0.0011490014980962732,
          "src_port_is_any": 0.0,
          "dst_port_is_any": -0.00016531393047914387,
          "dst_port_numeric": 0.0014751201304974953,
          "confidence": -0.08781568697443537,
          "priority_norm": 0.0,
          "has_complete_cot": 0.0,
          "reasoning_length": -0.003405394369991211,
          "syntax_valid": 0.03916631749562201,