{
  "xai_run": {
    "n_samples": 353,
    "feature_names": [
      "confidence",
      "src_is_any",
      "dst_is_any",
      "syntax_valid",
      "semantic_score",
      "compliance_severity",
      "hallucination_risk",
      "edge_case_count"
    ],
    "model": "GradientBoostingRegressor"
  },
  "shap": {
    "global_feature_importance": {
      "syntax_valid": 0.25442036558396525,
      "hallucination_risk": 0.24923664092880907,
      "semantic_score": 0.05426429146241041,
      "confidence": 0.04906139200263216,
      "src_is_any": 0.02234079196002395,
      "compliance_severity": 0.013070910587448371,
      "dst_is_any": 0.006813331384912581,
      "edge_case_count": 0.0
    },
    "expected_value": 0.4050991501416431,
    "per_record_examples": [
      {
        "record_id": "W1-001",
        "shap_values": {
          "confidence": 0.0627003451795612,
          "src_is_any": -0.03520200339001964,
          "dst_is_any": 0.016970297650159227,
          "syntax_valid": 0.17788806405502783,
          "semantic_score": 0.08464568448949862,
          "compliance_severity": -0.011816976520126261,
          "hallucination_risk": 0.29707039004103536,
          "edge_case_count": 0.0
        },
        "risk_score": 0.3345
      },
      {
        "record_id": "W1-002",
        "shap_values": {
          "confidence": 0.13470452868559316,
          "src_is_any": 0.035925364862346265,
          "dst_is_any": -0.01068534699733793,
          "syntax_valid": 0.13748891064530294,
          "semantic_score": 0.07512196844917736,
          "compliance_severity": 0.020849965903369315,
          "hallucination_risk": 0.20432173283747906,
          "edge_case_count": 0.0
        },
        "risk_score": 0.45112499999999994
      },
      {
        "record_id": "W1-003",
        "shap_values": {
          "confidence": -0.12284291482871844,
          "src_is_any": -0.04340976910457649,
          "dst_is_any": 0.011617706114658528,
          "syntax_valid": 0.11002999179628338,
          "semantic_score": -0.09731480857189316,
          "compliance_severity": -0.026116870275605334,
          "hallucination_risk": -0.23957654860367367,
          "edge_case_count": 0.0
        },
        "risk_score": 0.0022499999999999977
      },
      {
        "record_id": "W1-004",
        "shap_values": {
          "confidence": -0.1441716174300451,
          "src_is_any": 0.019049015546134584,
          "dst_is_any": -0.0013922785048838917,
          "syntax_valid": 0.157756700404394,
          "semantic_score": -0.12766027477928,
          "compliance_severity": -0.021465508575246883,
          "hallucination_risk": -0.2592621540652621,
          "edge_case_count": 0.0
        },
        "risk_score": 0.0022499999999999977
      },
      {
        "record_id": "W1-005",
        "shap_values": {
          "confidence": -0.12284291482871844,
          "src_is_any": -0.04340976910457649,
          "dst_is_any": 0.011617706114658528,
          "syntax_valid": 0.11002999179628338,
          "semantic_score": -0.09731480857189316,
          "compliance_severity": -0.026116870275605334,
          "hallucination_risk": -0.23957654860367367,
          "edge_case_count": 0.0
        },
        "risk_score": 0.0022499999999999977
      },
      {
        "record_id": "W1-006",
        "shap_values": {
          "confidence": -0.12284291482871844,
          "src_is_any": -0.04340976910457649,
          "dst_is_any": 0.011617706114658528,
          "syntax_valid": 0.11002999179628338,
          "semantic_score": -0.09731480857189316,
          "compliance_severity": -0.026116870275605334,
          "hallucination_risk": -0.23957654860367367,
          "edge_case_count": 0.0
        },
        "risk_score": 0.0022499999999999977
      },
      {
        "record_id": "W1-007",
        "shap_values": {
          "confidence": 0.11424883182633176,
          "src_is_any": 0.062144180472922375,
          "dst_is_any": -0.005121584991713907,
          "syntax_valid": 0.380283308711655,
          "semantic_score": 0.17424672763325466,
          "compliance_severity": 0.00041057914268234066,
          "hallucination_risk": -0.20742412730019197,
          "edge_case_count": 0.0
        },
        "risk_score": 0.0045
      },
      {
        "record_id": "W1-008",
        "shap_values": {
          "confidence": -0.12284291482871844,
          "src_is_any": -0.04340976910457649,
          "dst_is_any": 0.011617706114658528,
          "syntax_valid": 0.11002999179628338,
          "semantic_score": -0.09731480857189316,
          "compliance_severity": -0.026116870275605334,
          "hallucination_risk": -0.23957654860367367,
          "edge_case_count": 0.0
        },
        "risk_score": 0.0022499999999999977
      },
      {
        "record_id": "W1-009",
        "shap_values": {
          "confidence": 0.10795044614225932,
          "src_is_any": -0.06540162788499253,
          "dst_is_any": 0.040266339254694,
          "syntax_valid": 0.29467530540517917,
          "semantic_score": 0.1925541341689512,
          "compliance_severity": -0.01512160346642002,
          "hallucination_risk": -0.2145770117316692,
          "edge_case_count": 0.0
        },
        "risk_score": 0.0045
      },
      {
        "record_id": "W1-010",
        "shap_values": {
          "confidence": -0.12284291482871844,
          "src_is_any": -0.04340976910457649,
          "dst_is_any": 0.011617706114658528,
          "syntax_valid": 0.11002999179628338,
          "semantic_score": -0.09731480857189316,
          "compliance_severity": -0.026116870275605334,
          "hallucination_risk": -0.23957654860367367,
          "edge_case_count": 0.0
        },
        "risk_score": 0.0022499999999999977
      }
    ]
  },
  "lime": {
    "high_risk_1": {
      "record_id": "W1-001",
      "risk_score": 0.3345,
      "ground_truth": "hallucinated",
      "lime_weights": {
        "0.00 < syntax_valid <= 1.00": 0.7217571657846885,
        "0.78 < semantic_score <= 0.80": 0.21602514093373384,
        "0.78 < confidence <= 0.80": 0.16809859045067327,
        "0.00 < hallucination_risk <= 0.55": 0.1020394583581715,
        "src_is_any <= 0.00": -0.08989652614998035,
        "0.00 < compliance_severity <= 3.00": 0.02236473205991331
      },
      "prediction": 0.9973549516467796
    },
    "high_risk_2": {
      "record_id": "W1-002",
      "risk_score": 0.45112499999999994,
      "ground_truth": "dangerous",
      "lime_weights": {
        "0.00 < syntax_valid <= 1.00": 0.7186654443055113,
        "hallucination_risk > 0.55": 0.1540418457023152,
        "0.00 < src_is_any <= 1.00": 0.09130881584628744,
        "confidence > 0.80": -0.05548085948706433,
        "semantic_score > 0.80": -0.04965685554074569,
        "0.00 < dst_is_any <= 1.00": -0.012989484874664956
      },
      "prediction": 1.0028262745275733
    },
    "mid_risk": {
      "record_id": "W2-064",
      "risk_score": 0.21225,
      "ground_truth": "correct",
      "lime_weights": {
        "0.00 < syntax_valid <= 1.00": 0.6910018640554367,
        "0.00 < src_is_any <= 1.00": 0.11473875278456878,
        "semantic_score > 0.80": -0.09696207183205087,
        "0.00 < hallucination_risk <= 0.55": 0.0863568788617513,
        "confidence > 0.80": -0.06870057099908015,
        "0.00 < compliance_severity <= 3.00": -0.03877963746503388
      },
      "prediction": 0.021698510951868605
    },
    "low_risk_1": {
      "record_id": "SYN-1137",
      "risk_score": 0.003825000000000001,
      "ground_truth": "correct",
      "lime_weights": {
        "0.00 < syntax_valid <= 1.00": 0.7157620247525895,
        "hallucination_risk <= 0.00": -0.19041793462162568,
        "src_is_any <= 0.00": -0.10700226135333941,
        "semantic_score > 0.80": -0.09976701587782986,
        "confidence > 0.80": -0.0856558196856391,
        "dst_is_any <= 0.00": 0.027502385538794034
      },
      "prediction": 0.04126296878822042
    },