{
  "xai_run": {
    "n_samples": 215,
    "feature_names": [
      "confidence",
      "src_is_any",
      "dst_is_any",
      "syntax_valid",
      "semantic_score",
      "compliance_severity",
      "hallucination_risk",
      "edge_case_count"
    ],
    "model": "GradientBoostingRegressor",
    "lime_samples": 1000
  },
  "shap": {
    "global_feature_importance": {
      "syntax_valid": 0.25152297554885017,
      "confidence": 0.08319686291745432,
      "semantic_score": 0.06930038611396279,
      "compliance_severity": 5.249555635150745e-19,
      "hallucination_risk": 4.650723039882588e-19,
      "src_is_any": 2.143190340959718e-20,
      "dst_is_any": 0.0,
      "edge_case_count": 0.0
    },
    "expected_value": 0.14418604651162803,
    "per_record_examples": [
      {
        "record_id": "W1-001",
        "shap_values": {
          "confidence": 0.20821193248094236,
          "src_is_any": 0.0,
          "dst_is_any": 0.0,
          "syntax_valid": 0.5030447748990232,
          "semantic_score": 0.14416737580466274,
          "compliance_severity": 2.6020852139652106e-18,
          "hallucination_risk": 1.3010426069826053e-18,
          "edge_case_count": 0.0
        },
        "risk_score": 0.3345
      },
      {
        "record_id": "W1-002",
        "shap_values": {
          "confidence": 0.14442883259471853,
          "src_is_any": 2.168404344971009e-19,
          "dst_is_any": 0.0,
          "syntax_valid": 0.49858749138489533,
          "semantic_score": 0.21240775920501515,
          "compliance_severity": 4.336808689942018e-19,
          "hallucination_risk": 1.8973538018496328e-19,
          "edge_case_count": 0.0
        },
        "risk_score": 0.45112499999999994
      },
      {
        "record_id": "W1-003",
        "shap_values": {
          "confidence": -0.16115824103218468,
          "src_is_any": 0.0,
          "dst_is_any": 0.0,
          "syntax_valid": 0.17159327856917828,
          "semantic_score": -0.1545553993778819,
          "compliance_severity": -3.2526065174565133e-19,
          "hallucination_risk": -1.0842021724855044e-19,
          "edge_case_count": 0.0
        },
        "risk_score": 0.0022499999999999977
      },
      {
        "record_id": "W1-004",
        "shap_values": {
          "confidence": -0.16115824103218468,
          "src_is_any": 8.131516293641283e-20,
          "dst_is_any": 0.0,
          "syntax_valid": 0.17159327856917828,
          "semantic_score": -0.1545553993778819,
          "compliance_severity": -3.2526065174565133e-19,
          "hallucination_risk": -1.0842021724855044e-19,
          "edge_case_count": 0.0
        },
        "risk_score": 0.0022499999999999977
      },
      {
        "record_id": "W1-005",
        "shap_values": {
          "confidence": -0.16115824103218468,
          "src_is_any": 0.0,
          "dst_is_any": 0.0,
          "syntax_valid": 0.17159327856917828,
          "semantic_score": -0.1545553993778819,
          "compliance_severity": -3.2526065174565133e-19,
          "hallucination_risk": -1.0842021724855044e-19,
          "edge_case_count": 0.0
        },
        "risk_score": 0.0022499999999999977
      },
      {
        "record_id": "W1-006",
        "shap_values": {
          "confidence": -0.16115824103218468,
          "src_is_any": 0.0,
          "dst_is_any": 0.0,
          "syntax_valid": 0.17159327856917828,
          "semantic_score": -0.1545553993778819,
          "compliance_severity": -3.2526065174565133e-19,
          "hallucination_risk": -1.0842021724855044e-19,
          "edge_case_count": 0.0
        },
        "risk_score": 0.0022499999999999977
      },
      {
        "record_id": "W1-007",
        "shap_values": {
          "confidence": 0.20821193248094236,
          "src_is_any": 0.0,
          "dst_is_any": 0.0,
          "syntax_valid": 0.5030447748990232,
          "semantic_score": 0.14416737580466274,
          "compliance_severity": -2.6020852139652106e-18,
          "hallucination_risk": -1.734723475976807e-18,
          "edge_case_count": 0.0
        },
        "risk_score": 0.0045
      },
      {
        "record_id": "W1-008",
        "shap_values": {
          "confidence": -0.16115824103218468,
          "src_is_any": 0.0,
          "dst_is_any": 0.0,
          "syntax_valid": 0.17159327856917828,
          "semantic_score": -0.1545553993778819,
          "compliance_severity": -3.2526065174565133e-19,
          "hallucination_risk": -1.0842021724855044e-19,
          "edge_case_count": 0.0
        },
        "risk_score": 0.0022499999999999977
      },
      {
        "record_id": "W1-009",
        "shap_values": {
          "confidence": 0.20821193248094236,
          "src_is_any": 0.0,
          "dst_is_any": 0.0,
          "syntax_valid": 0.5030447748990232,
          "semantic_score": 0.14416737580466274,
          "compliance_severity": -2.6020852139652106e-18,
          "hallucination_risk": -1.734723475976807e-18,
          "edge_case_count": 0.0
        },
        "risk_score": 0.0045
      },
      {
        "record_id": "W1-010",
        "shap_values": {
          "confidence": -0.16115824103218468,
          "src_is_any": 0.0,
          "dst_is_any": 0.0,
          "syntax_valid": 0.17159327856917828,
          "semantic_score": -0.1545553993778819,
          "compliance_severity": -3.2526065174565133e-19,
          "hallucination_risk": -1.0842021724855044e-19,
          "edge_case_count": 0.0
        },
        "risk_score": 0.0022499999999999977
      }
    ]
  },
  "lime": {
    "high_risk_1": {
      "record_id": "W1-001",
      "risk_score": 0.3345,
      "ground_truth": "hallucinated",
      "lime_weights": {
        "0.00 < syntax_valid <= 1.00": 0.856191116441036,
        "confidence <= 0.80": 0.11140479093039277,
        "semantic_score <= 0.80": 0.07844407765011743,
        "hallucination_risk > 0.00": -0.012864187025381956,
        "compliance_severity > 0.00": 0.0036162269092745573,
        "src_is_any <= 1.00": 0.0
      },
      "prediction": 0.9996101296962558
    },
    "high_risk_2": {
      "record_id": "W1-002",
      "risk_score": 0.45112499999999994,
      "ground_truth": "dangerous",
      "lime_weights": {
        "0.00 < syntax_valid <= 1.00": 0.8093254545130328,
        "confidence > 0.80": -0.12299588092791863,
        "semantic_score > 0.80": -0.08496373343556485,
        "hallucination_risk > 0.00": 0.010851251838002191,
        "compliance_severity > 0.00": -0.0039097306051875235,
        "src_is_any <= 1.00": 0.0
      },
      "prediction": 0.9996101296962558
    },
    "mid_risk": {
      "record_id": "W4-108",
      "risk_score": 0.0545,
      "ground_truth": "",
      "lime_weights": {
        "syntax_valid <= 0.00": -0.8634731566603058,
        "confidence <= 0.80": 0.08486640701317802,
        "semantic_score <= 0.80": 0.05311839501993415,
        "hallucination_risk <= 0.00": 0.02088489242191101,
        "compliance_severity <= 0.00": 0.007219311168385228,
        "src_is_any <= 1.00": 0.0
      },
      "prediction": 6.568467073950459e-05
    },
    "low_risk_1": {
      "record_id": "W5-225",
      "risk_score": 0.0545,
      "ground_truth": "",
      "lime_weights": {
        "syntax_valid <= 0.00": -0.8539039243410271,
        "confidence <= 0.80": 0.09957264829963737,
        "semantic_score <= 0.80": 0.07447719664202013,
        "hallucination_risk <= 0.00": 0.013287590151357732,
        "compliance_severity <= 0.00": 0.006053815416784439,
        "src_is_any <= 1.00": 0.0
      },
      "prediction": 6.568467073950459e-05
    },
    "low_risk_2": {
      "record_id": "W5-224",
      "risk_score": 0.0545,
      "ground_truth": "",
      "lime_weights": {
        "syntax_valid <= 0.00": -0.866688291548713,
        "confidence <= 0.80": 0.10131747224547012,
        "semantic_score <= 0.80": 0.06116710788594097,
        "hallucination_risk <= 0.00": -0.012519414370108875,
        "compliance_severity <= 0.00": -0.0012789356612913467,